{"llama_model": {"HPSAQ": {"zero_shot": 0.459727385377943, "few_shot": 0.2876712328767123}}, "hp_model": {"HPSAQ": {"zero_shot": 0.47831474597273854, "few_shot": 0.1718555417185554}}}