{"llama_model": {"HPSAQ": {"zero_shot": 0.2, "few_shot": 0.23958333333333334, "unrelated_few_shot": 0.22}, "HPSAQSpanish": {"zero_shot": 0.06733167082294264, "few_shot": 0.17380352644836272, "unrelated_few_shot": 0.16458852867830423}, "HPSAQRussian": {"zero_shot": 0.06733167082294264, "few_shot": 0.022670025188916875, "unrelated_few_shot": 0.0199501246882793}, "HPAdversarialTask": {"zero_shot": 0.0, "few_shot": 0.2708333333333333, "unrelated_few_shot": 0.2}}, "hp_model": {"HPSAQ": {"zero_shot": 0.12, "few_shot": 0.21875, "unrelated_few_shot": 0.17}, "HPSAQSpanish": {"zero_shot": 0.03740648379052369, "few_shot": 0.09571788413098237, "unrelated_few_shot": 0.10224438902743142}, "HPSAQRussian": {"zero_shot": 0.03740648379052369, "few_shot": 0.012594458438287154, "unrelated_few_shot": 0.014962593516209476}, "HPAdversarialTask": {"zero_shot": 0.03, "few_shot": 0.15625, "unrelated_few_shot": 0.17}}}